{
    "action": {
        "mean": [
            7.22256326675415,
            -37.13687515258789,
            22.094322204589844,
            79.50717163085938,
            -15.310331344604492,
            13.68769359588623,
            -6.452926158905029,
            -69.67195892333984,
            57.24666213989258,
            73.16678619384766,
            -1.2497605085372925,
            8.856727600097656
        ],
        "std": [
            25.010862350463867,
            45.053863525390625,
            52.738399505615234,
            13.5180082321167,
            11.213829040527344,
            14.299959182739258,
            19.823678970336914,
            36.71131134033203,
            45.08255386352539,
            11.602657318115234,
            5.654906749725342,
            11.989023208618164
        ],
        "min": [
            -72.38037872314453,
            -100.0,
            -69.95977020263672,
            48.48355484008789,
            -38.655460357666016,
            0.5925925970077515,
            -50.33024978637695,
            -99.08940124511719,
            -75.07705688476562,
            44.63276672363281,
            -16.102136611938477,
            0.07651109248399734
        ],
        "max": [
            52.99818420410156,
            39.09774398803711,
            99.10594177246094,
            99.74369812011719,
            1.1554621458053589,
            43.407405853271484,
            25.3632755279541,
            39.40397262573242,
            97.97445678710938,
            100.0,
            15.164148330688477,
            40.01530075073242
        ],
        "q01": [
            -64.35130386352539,
            -98.74686431884766,
            -69.87572586059571,
            52.664673767089845,
            -38.445377349853516,
            1.2592592239379883,
            -49.405548095703125,
            -97.59933471679688,
            -54.21048034667969,
            45.501956939697266,
            -15.476810455322266,
            1.836266279220581
        ],
        "q99": [
            52.634765625,
            38.84711837768555,
            98.48011016845703,
            99.74369812011719,
            1.1029411554336548,
            42.592594146728516,
            23.537648315429667,
            31.632450447082512,
            97.71025848388672,
            92.55106185913084,
            13.70505428314209,
            39.862281799316406
        ]
    },
    "observation.state": {
        "mean": [
            7.1325907707214355,
            -35.0862922668457,
            24.94968605041504,
            79.35698699951172,
            -15.34567642211914,
            15.171950340270996,
            -6.633232593536377,
            -69.47052001953125,
            59.97691345214844,
            72.1194839477539,
            -1.2020728588104248,
            9.620110511779785
        ],
        "std": [
            24.347946166992188,
            46.818824768066406,
            52.28302001953125,
            13.26201057434082,
            11.195072174072266,
            12.895094871520996,
            19.663349151611328,
            37.68867874145508,
            45.08234405517578,
            11.255243301391602,
            5.6813063621521,
            11.414034843444824
        ],
        "min": [
            -63.320247650146484,
            -99.17729187011719,
            -67.73094940185547,
            50.40339660644531,
            -38.63168716430664,
            1.9801980257034302,
            -50.44352340698242,
            -98.10855102539062,
            -73.10253143310547,
            45.370758056640625,
            -15.852081298828125,
            2.385685920715332
        ],
        "max": [
            52.5518798828125,
            40.76511764526367,
            98.55257415771484,
            98.64118957519531,
            0.9773662686347961,
            43.10231018066406,
            24.659963607788086,
            42.516448974609375,
            99.11229705810547,
            98.49182891845703,
            14.765968322753906,
            39.562625885009766
        ],
        "q01": [
            -60.65507560729981,
            -99.09502410888672,
            -64.58067321777344,
            53.8004264831543,
            -38.32304382324219,
            1.9801980257034302,
            -49.379066467285156,
            -98.10855102539062,
            -48.77940368652344,
            46.79513931274414,
            -15.283164978027344,
            2.385685920715332
        ],
        "q99": [
            52.5518798828125,
            40.68284606933594,
            98.21200561523438,
            98.64118957519531,
            0.8744856119155884,
            43.10231018066406,
            23.358959197998047,
            35.29111862182609,
            98.2245864868164,
            92.47926132202147,
            13.838117523193356,
            39.562625885009766
        ]
    },
    "timestamp": {
        "mean": [
            7.6605963706970215
        ],
        "std": [
            4.464495658874512
        ],
        "min": [
            0.0
        ],
        "max": [
            16.700000762939453
        ],
        "q01": [
            0.13333334028720856
        ],
        "q99": [
            15.93533336639404
        ]
    },
    "frame_index": {
        "mean": [
            229.81787109375
        ],
        "std": [
            133.93487548828125
        ],
        "min": [
            0.0
        ],
        "max": [
            501.0
        ],
        "q01": [
            4.0
        ],
        "q99": [
            478.05999999999995
        ]
    },
    "episode_index": {
        "mean": [
            2.009150266647339
        ],
        "std": [
            1.3910400867462158
        ],
        "min": [
            0.0
        ],
        "max": [
            4.0
        ],
        "q01": [
            0.0
        ],
        "q99": [
            4.0
        ]
    },
    "index": {
        "mean": [
            1147.0
        ],
        "std": [
            662.5093994140625
        ],
        "min": [
            0.0
        ],
        "max": [
            2294.0
        ],
        "q01": [
            22.94
        ],
        "q99": [
            2271.06
        ]
    },
    "task_index": {
        "mean": [
            0.0
        ],
        "std": [
            0.0
        ],
        "min": [
            0.0
        ],
        "max": [
            0.0
        ],
        "q01": [
            0.0
        ],
        "q99": [
            0.0
        ]
    }
}